{"text": " Vous aimeriez cr\u00e9er un site web, mais vous ne savez pas vraiment comment vous y prendre ou par quel bout commencer. Peut-\u00eatre que certains d'entre vous pourraient faire appel \u00e0 un d\u00e9veloppeur en freelance. Mais vous vous dites, non quand m\u00eame, j'aimerais bien le faire moi-m\u00eame. Et bien la meilleure fa\u00e7on de plonger dans le monde du web, c'est de commencer par la base. Apprendre \u00e0 \u00e9crire en langage HTML et en langage CSS. C'est souvent par l\u00e0 qu'on commence quand on apprend \u00e0 coder, car tous les sites, je dis bien tous les sites, sur lesquels nous naviguons sur Internet, sont cr\u00e9\u00e9s dans ces deux langages. Si vous avez toujours eu envie de cr\u00e9er vos premi\u00e8res pages web, alors vous \u00eates au bon endroit. Dans ce cours, vous allez \u00eatre vite capable de ma\u00eetriser les bases du HTML5, de faire de la mise en forme avec CSS3, d'agencer le contenu de vos pages ou de cr\u00e9er vos propres formulaires. Alors. Pr\u00eat \u00e0 r\u00e9aliser un site web de A \u00e0 Z ? C'est parti !", "segments": [{"id": 0, "seek": 0, "start": 0.0, "end": 5.7, "text": " Vous aimeriez cr\u00e9er un site web, mais vous ne savez pas vraiment comment vous y prendre ou par quel bout commencer.", "tokens": [50365, 10802, 5939, 17487, 89, 32062, 517, 3621, 3670, 11, 2420, 2630, 408, 30503, 1736, 8322, 2871, 2630, 288, 16566, 2820, 971, 7178, 15738, 32817, 13, 50650], "temperature": 0.0, "avg_logprob": -0.10171556873481814, "compression_ratio": 1.5977859778597785, "no_speech_prob": 0.002245957963168621}, {"id": 1, "seek": 0, "start": 6.78, "end": 10.06, "text": " Peut-\u00eatre que certains d'entre vous pourraient faire appel \u00e0 un d\u00e9veloppeur en freelance.", "tokens": [50704, 2396, 325, 12, 9498, 631, 25263, 274, 6, 24570, 2630, 37753, 1196, 4865, 36332, 1531, 517, 22558, 494, 374, 465, 47875, 13, 50868], "temperature": 0.0, "avg_logprob": -0.10171556873481814, "compression_ratio": 1.5977859778597785, "no_speech_prob": 0.002245957963168621}, {"id": 2, "seek": 0, "start": 10.9, "end": 15.040000000000001, "text": " Mais vous vous dites, non quand m\u00eame, j'aimerais bien le faire moi-m\u00eame.", "tokens": [50910, 6313, 2630, 2630, 48291, 11, 2107, 6932, 5698, 11, 361, 6, 43378, 1527, 3610, 476, 4865, 7748, 12, 27770, 13, 51117], "temperature": 0.0, "avg_logprob": -0.10171556873481814, "compression_ratio": 1.5977859778597785, "no_speech_prob": 0.002245957963168621}, {"id": 3, "seek": 0, "start": 16.18, "end": 20.52, "text": " Et bien la meilleure fa\u00e7on de plonger dans le monde du web, c'est de commencer par la base.", "tokens": [51174, 3790, 3610, 635, 25039, 540, 20725, 368, 499, 556, 260, 2680, 476, 10431, 1581, 3670, 11, 269, 6, 377, 368, 32817, 971, 635, 3096, 13, 51391], "temperature": 0.0, "avg_logprob": -0.10171556873481814, "compression_ratio": 1.5977859778597785, "no_speech_prob": 0.002245957963168621}, {"id": 4, "seek": 0, "start": 21.28, "end": 25.2, "text": " Apprendre \u00e0 \u00e9crire en langage HTML et en langage CSS.", "tokens": [51429, 3132, 17218, 1531, 1136, 39572, 465, 2265, 609, 17995, 1030, 465, 2265, 609, 24387, 13, 51625], "temperature": 0.0, "avg_logprob": -0.10171556873481814, "compression_ratio": 1.5977859778597785, "no_speech_prob": 0.002245957963168621}, {"id": 5, "seek": 2520, "start": 25.2, "end": 35.379999999999995, "text": " C'est souvent par l\u00e0 qu'on commence quand on apprend \u00e0 coder, car tous les sites, je dis bien tous les sites, sur lesquels nous naviguons sur Internet, sont cr\u00e9\u00e9s dans ces deux langages.", "tokens": [50365, 383, 6, 377, 20847, 971, 3684, 421, 6, 266, 18137, 6932, 322, 724, 4542, 1531, 17656, 260, 11, 1032, 8317, 1512, 7533, 11, 1506, 717, 3610, 8317, 1512, 7533, 11, 1022, 1512, 358, 1625, 4666, 7407, 84, 892, 1022, 7703, 11, 4900, 15609, 2191, 2680, 7879, 8208, 2265, 1660, 13, 50874], "temperature": 0.0, "avg_logprob": -0.07438815001285437, "compression_ratio": 1.6, "no_speech_prob": 0.00012683750537689775}, {"id": 6, "seek": 2520, "start": 36.28, "end": 41.18, "text": " Si vous avez toujours eu envie de cr\u00e9er vos premi\u00e8res pages web, alors vous \u00eates au bon endroit.", "tokens": [50919, 4909, 2630, 11766, 11936, 2228, 24149, 368, 32062, 13845, 11222, 13927, 7183, 3670, 11, 11246, 2630, 18935, 1609, 4428, 47390, 13, 51164], "temperature": 0.0, "avg_logprob": -0.07438815001285437, "compression_ratio": 1.6, "no_speech_prob": 0.00012683750537689775}, {"id": 7, "seek": 2520, "start": 42.2, "end": 53.620000000000005, "text": " Dans ce cours, vous allez \u00eatre vite capable de ma\u00eetriser les bases du HTML5, de faire de la mise en forme avec CSS3, d'agencer le contenu de vos pages ou de cr\u00e9er vos propres formulaires.", "tokens": [51215, 16897, 1769, 25452, 11, 2630, 18146, 7418, 24462, 8189, 368, 463, 20028, 5714, 260, 1512, 17949, 1581, 17995, 20, 11, 368, 4865, 368, 635, 36845, 465, 28670, 4163, 24387, 18, 11, 274, 6, 4698, 1776, 476, 21795, 84, 368, 13845, 7183, 2820, 368, 32062, 13845, 2365, 495, 49990, 10840, 13, 51786], "temperature": 0.0, "avg_logprob": -0.07438815001285437, "compression_ratio": 1.6, "no_speech_prob": 0.00012683750537689775}, {"id": 8, "seek": 2520, "start": 54.32, "end": 54.8, "text": " Alors.", "tokens": [51821, 9946, 13, 51845], "temperature": 0.0, "avg_logprob": -0.07438815001285437, "compression_ratio": 1.6, "no_speech_prob": 0.00012683750537689775}, {"id": 9, "seek": 5520, "start": 55.2, "end": 58.1, "text": " Pr\u00eat \u00e0 r\u00e9aliser un site web de A \u00e0 Z ?", "tokens": [50365, 2114, 15519, 1531, 18911, 6694, 517, 3621, 3670, 368, 316, 1531, 1176, 2506, 50510], "temperature": 0.0, "avg_logprob": -0.32545813270237134, "compression_ratio": 0.9032258064516129, "no_speech_prob": 0.0008350257994607091}, {"id": 10, "seek": 5520, "start": 58.1, "end": 59.28, "text": " C'est parti !", "tokens": [50510, 383, 6, 377, 24408, 2298, 50569], "temperature": 0.0, "avg_logprob": -0.32545813270237134, "compression_ratio": 0.9032258064516129, "no_speech_prob": 0.0008350257994607091}], "language": "fr"}